[
    {
        "code": "USD",
        "name": "US Dollar",
        "symbol": "$",
        "country": "United States"
    },
    {
        "code": "EUR",
        "name": "Euro",
        "symbol": "€",
        "country": "European Union"
    },
    {
        "code": "GBP",
        "name": "British Pound",
        "symbol": "£",
        "country": "United Kingdom"
    },
    {
        "code": "INR",
        "name": "Indian Rupee",
        "symbol": "₹",
        "country": "India"
    },
    {
        "code": "JPY",
        "name": "Japanese Yen",
        "symbol": "¥",
        "country": "Japan"
    },
    {
        "code": "CNY",
        "name": "Chinese Yuan",
        "symbol": "¥",
        "country": "China"
    },
    {
        "code": "AUD",
        "name": "Australian Dollar",
        "symbol": "A$",
        "country": "Australia"
    },
    {
        "code": "CAD",
        "name": "Canadian Dollar",
        "symbol": "C$",
        "country": "Canada"
    },
    {
        "code": "CHF",
        "name": "Swiss Franc",
        "symbol": "Fr",
        "country": "Switzerland"
    },
    {
        "code": "HKD",
        "name": "Hong Kong Dollar",
        "symbol": "HK$",
        "country": "Hong Kong"
    },
    {
        "code": "SGD",
        "name": "Singapore Dollar",
        "symbol": "S$",
        "country": "Singapore"
    },
    {
        "code": "SEK",
        "name": "Swedish Krona",
        "symbol": "kr",
        "country": "Sweden"
    },
    {
        "code": "KRW",
        "name": "South Korean Won",
        "symbol": "₩",
        "country": "South Korea"
    },
    {
        "code": "NOK",
        "name": "Norwegian Krone",
        "symbol": "kr",
        "country": "Norway"
    },
    {
        "code": "NZD",
        "name": "New Zealand Dollar",
        "symbol": "NZ$",
        "country": "New Zealand"
    },
    {
        "code": "MXN",
        "name": "Mexican Peso",
        "symbol": "$",
        "country": "Mexico"
    },
    {
        "code": "ZAR",
        "name": "South African Rand",
        "symbol": "R",
        "country": "South Africa"
    },
    {
        "code": "BRL",
        "name": "Brazilian Real",
        "symbol": "R$",
        "country": "Brazil"
    },
    {
        "code": "RUB",
        "name": "Russian Ruble",
        "symbol": "₽",
        "country": "Russia"
    },
    {
        "code": "TRY",
        "name": "Turkish Lira",
        "symbol": "₺",
        "country": "Turkey"
    },
    {
        "code": "AED",
        "name": "UAE Dirham",
        "symbol": "د.إ",
        "country": "United Arab Emirates"
    },
    {
        "code": "SAR",
        "name": "Saudi Riyal",
        "symbol": "﷼",
        "country": "Saudi Arabia"
    },
    {
        "code": "THB",
        "name": "Thai Baht",
        "symbol": "฿",
        "country": "Thailand"
    },
    {
        "code": "MYR",
        "name": "Malaysian Ringgit",
        "symbol": "RM",
        "country": "Malaysia"
    },
    {
        "code": "IDR",
        "name": "Indonesian Rupiah",
        "symbol": "Rp",
        "country": "Indonesia"
    },
    {
        "code": "PHP",
        "name": "Philippine Peso",
        "symbol": "₱",
        "country": "Philippines"
    },
    {
        "code": "VND",
        "name": "Vietnamese Dong",
        "symbol": "₫",
        "country": "Vietnam"
    },
    {
        "code": "PKR",
        "name": "Pakistani Rupee",
        "symbol": "₨",
        "country": "Pakistan"
    },
    {
        "code": "BDT",
        "name": "Bangladeshi Taka",
        "symbol": "৳",
        "country": "Bangladesh"
    },
    {
        "code": "LKR",
        "name": "Sri Lankan Rupee",
        "symbol": "Rs",
        "country": "Sri Lanka"
    },
    {
        "code": "NPR",
        "name": "Nepalese Rupee",
        "symbol": "Rs",
        "country": "Nepal"
    },
    {
        "code": "EGP",
        "name": "Egyptian Pound",
        "symbol": "£",
        "country": "Egypt"
    },
    {
        "code": "NGN",
        "name": "Nigerian Naira",
        "symbol": "₦",
        "country": "Nigeria"
    },
    {
        "code": "KES",
        "name": "Kenyan Shilling",
        "symbol": "KSh",
        "country": "Kenya"
    },
    {
        "code": "GHS",
        "name": "Ghanaian Cedi",
        "symbol": "₵",
        "country": "Ghana"
    },
    {
        "code": "ARS",
        "name": "Argentine Peso",
        "symbol": "$",
        "country": "Argentina"
    },
    {
        "code": "CLP",
        "name": "Chilean Peso",
        "symbol": "$",
        "country": "Chile"
    },
    {
        "code": "COP",
        "name": "Colombian Peso",
        "symbol": "$",
        "country": "Colombia"
    },
    {
        "code": "PEN",
        "name": "Peruvian Sol",
        "symbol": "S/",
        "country": "Peru"
    },
    {
        "code": "PLN",
        "name": "Polish Zloty",
        "symbol": "zł",
        "country": "Poland"
    },
    {
        "code": "CZK",
        "name": "Czech Koruna",
        "symbol": "Kč",
        "country": "Czech Republic"
    },
    {
        "code": "HUF",
        "name": "Hungarian Forint",
        "symbol": "Ft",
        "country": "Hungary"
    },
    {
        "code": "RON",
        "name": "Romanian Leu",
        "symbol": "lei",
        "country": "Romania"
    },
    {
        "code": "DKK",
        "name": "Danish Krone",
        "symbol": "kr",
        "country": "Denmark"
    },
    {
        "code": "ILS",
        "name": "Israeli Shekel",
        "symbol": "₪",
        "country": "Israel"
    },
    {
        "code": "QAR",
        "name": "Qatari Riyal",
        "symbol": "﷼",
        "country": "Qatar"
    },
    {
        "code": "KWD",
        "name": "Kuwaiti Dinar",
        "symbol": "د.ك",
        "country": "Kuwait"
    },
    {
        "code": "OMR",
        "name": "Omani Rial",
        "symbol": "﷼",
        "country": "Oman"
    },
    {
        "code": "BHD",
        "name": "Bahraini Dinar",
        "symbol": "د.ب",
        "country": "Bahrain"
    },
    {
        "code": "JOD",
        "name": "Jordanian Dinar",
        "symbol": "د.ا",
        "country": "Jordan"
    },
    {
        "code": "LBP",
        "name": "Lebanese Pound",
        "symbol": "£",
        "country": "Lebanon"
    },
    {
        "code": "UAH",
        "name": "Ukrainian Hryvnia",
        "symbol": "₴",
        "country": "Ukraine"
    },
    {
        "code": "KZT",
        "name": "Kazakhstani Tenge",
        "symbol": "₸",
        "country": "Kazakhstan"
    },
    {
        "code": "UZS",
        "name": "Uzbekistani Som",
        "symbol": "so'm",
        "country": "Uzbekistan"
    },
    {
        "code": "AZN",
        "name": "Azerbaijani Manat",
        "symbol": "₼",
        "country": "Azerbaijan"
    },
    {
        "code": "GEL",
        "name": "Georgian Lari",
        "symbol": "₾",
        "country": "Georgia"
    },
    {
        "code": "AMD",
        "name": "Armenian Dram",
        "symbol": "֏",
        "country": "Armenia"
    },
    {
        "code": "BGN",
        "name": "Bulgarian Lev",
        "symbol": "лв",
        "country": "Bulgaria"
    },
    {
        "code": "HRK",
        "name": "Croatian Kuna",
        "symbol": "kn",
        "country": "Croatia"
    },
    {
        "code": "RSD",
        "name": "Serbian Dinar",
        "symbol": "дин",
        "country": "Serbia"
    },
    {
        "code": "ISK",
        "name": "Icelandic Krona",
        "symbol": "kr",
        "country": "Iceland"
    },
    {
        "code": "TWD",
        "name": "Taiwan Dollar",
        "symbol": "NT$",
        "country": "Taiwan"
    },
    {
        "code": "MMK",
        "name": "Myanmar Kyat",
        "symbol": "K",
        "country": "Myanmar"
    },
    {
        "code": "LAK",
        "name": "Lao Kip",
        "symbol": "₭",
        "country": "Laos"
    },
    {
        "code": "KHR",
        "name": "Cambodian Riel",
        "symbol": "៛",
        "country": "Cambodia"
    },
    {
        "code": "BND",
        "name": "Brunei Dollar",
        "symbol": "B$",
        "country": "Brunei"
    },
    {
        "code": "MOP",
        "name": "Macanese Pataca",
        "symbol": "MOP$",
        "country": "Macau"
    },
    {
        "code": "AFN",
        "name": "Afghan Afghani",
        "symbol": "؋",
        "country": "Afghanistan"
    },
    {
        "code": "IRR",
        "name": "Iranian Rial",
        "symbol": "﷼",
        "country": "Iran"
    },
    {
        "code": "IQD",
        "name": "Iraqi Dinar",
        "symbol": "ع.د",
        "country": "Iraq"
    },
    {
        "code": "SYP",
        "name": "Syrian Pound",
        "symbol": "£",
        "country": "Syria"
    },
    {
        "code": "YER",
        "name": "Yemeni Rial",
        "symbol": "﷼",
        "country": "Yemen"
    },
    {
        "code": "TND",
        "name": "Tunisian Dinar",
        "symbol": "د.ت",
        "country": "Tunisia"
    },
    {
        "code": "MAD",
        "name": "Moroccan Dirham",
        "symbol": "د.م.",
        "country": "Morocco"
    },
    {
        "code": "DZD",
        "name": "Algerian Dinar",
        "symbol": "د.ج",
        "country": "Algeria"
    },
    {
        "code": "LYD",
        "name": "Libyan Dinar",
        "symbol": "ل.د",
        "country": "Libya"
    },
    {
        "code": "SDG",
        "name": "Sudanese Pound",
        "symbol": "£",
        "country": "Sudan"
    },
    {
        "code": "ETB",
        "name": "Ethiopian Birr",
        "symbol": "Br",
        "country": "Ethiopia"
    },
    {
        "code": "UGX",
        "name": "Ugandan Shilling",
        "symbol": "USh",
        "country": "Uganda"
    },
    {
        "code": "TZS",
        "name": "Tanzanian Shilling",
        "symbol": "TSh",
        "country": "Tanzania"
    },
    {
        "code": "RWF",
        "name": "Rwandan Franc",
        "symbol": "FRw",
        "country": "Rwanda"
    },
    {
        "code": "ZMW",
        "name": "Zambian Kwacha",
        "symbol": "ZK",
        "country": "Zambia"
    },
    {
        "code": "BWP",
        "name": "Botswana Pula",
        "symbol": "P",
        "country": "Botswana"
    },
    {
        "code": "MUR",
        "name": "Mauritian Rupee",
        "symbol": "₨",
        "country": "Mauritius"
    },
    {
        "code": "SCR",
        "name": "Seychellois Rupee",
        "symbol": "₨",
        "country": "Seychelles"
    },
    {
        "code": "MGA",
        "name": "Malagasy Ariary",
        "symbol": "Ar",
        "country": "Madagascar"
    },
    {
        "code": "XOF",
        "name": "West African CFA Franc",
        "symbol": "Fr",
        "country": "West Africa"
    },
    {
        "code": "XAF",
        "name": "Central African CFA Franc",
        "symbol": "Fr",
        "country": "Central Africa"
    },
    {
        "code": "AOA",
        "name": "Angolan Kwanza",
        "symbol": "Kz",
        "country": "Angola"
    },
    {
        "code": "MZN",
        "name": "Mozambican Metical",
        "symbol": "MT",
        "country": "Mozambique"
    },
    {
        "code": "NAD",
        "name": "Namibian Dollar",
        "symbol": "N$",
        "country": "Namibia"
    },
    {
        "code": "SZL",
        "name": "Swazi Lilangeni",
        "symbol": "L",
        "country": "Eswatini"
    },
    {
        "code": "LSL",
        "name": "Lesotho Loti",
        "symbol": "L",
        "country": "Lesotho"
    },
    {
        "code": "MWK",
        "name": "Malawian Kwacha",
        "symbol": "MK",
        "country": "Malawi"
    },
    {
        "code": "GMD",
        "name": "Gambian Dalasi",
        "symbol": "D",
        "country": "Gambia"
    },
    {
        "code": "SLL",
        "name": "Sierra Leonean Leone",
        "symbol": "Le",
        "country": "Sierra Leone"
    },
    {
        "code": "LRD",
        "name": "Liberian Dollar",
        "symbol": "L$",
        "country": "Liberia"
    },
    {
        "code": "CVE",
        "name": "Cape Verdean Escudo",
        "symbol": "$",
        "country": "Cape Verde"
    },
    {
        "code": "STN",
        "name": "Sao Tome Dobra",
        "symbol": "Db",
        "country": "Sao Tome"
    },
    {
        "code": "GNF",
        "name": "Guinean Franc",
        "symbol": "Fr",
        "country": "Guinea"
    },
    {
        "code": "BIF",
        "name": "Burundian Franc",
        "symbol": "Fr",
        "country": "Burundi"
    },
    {
        "code": "DJF",
        "name": "Djiboutian Franc",
        "symbol": "Fr",
        "country": "Djibouti"
    },
    {
        "code": "SOS",
        "name": "Somali Shilling",
        "symbol": "Sh",
        "country": "Somalia"
    },
    {
        "code": "ERN",
        "name": "Eritrean Nakfa",
        "symbol": "Nfk",
        "country": "Eritrea"
    },
    {
        "code": "CDF",
        "name": "Congolese Franc",
        "symbol": "Fr",
        "country": "DR Congo"
    },
    {
        "code": "ALL",
        "name": "Albanian Lek",
        "symbol": "L",
        "country": "Albania"
    },
    {
        "code": "MKD",
        "name": "Macedonian Denar",
        "symbol": "ден",
        "country": "North Macedonia"
    },
    {
        "code": "BAM",
        "name": "Bosnia Mark",
        "symbol": "KM",
        "country": "Bosnia"
    },
    {
        "code": "MDL",
        "name": "Moldovan Leu",
        "symbol": "L",
        "country": "Moldova"
    },
    {
        "code": "BYN",
        "name": "Belarusian Ruble",
        "symbol": "Br",
        "country": "Belarus"
    },
    {
        "code": "TMT",
        "name": "Turkmen Manat",
        "symbol": "m",
        "country": "Turkmenistan"
    },
    {
        "code": "TJS",
        "name": "Tajikistani Somoni",
        "symbol": "ЅМ",
        "country": "Tajikistan"
    },
    {
        "code": "KGS",
        "name": "Kyrgyzstani Som",
        "symbol": "с",
        "country": "Kyrgyzstan"
    },
    {
        "code": "MNT",
        "name": "Mongolian Tugrik",
        "symbol": "₮",
        "country": "Mongolia"
    },
    {
        "code": "BTN",
        "name": "Bhutanese Ngultrum",
        "symbol": "Nu.",
        "country": "Bhutan"
    },
    {
        "code": "MVR",
        "name": "Maldivian Rufiyaa",
        "symbol": "Rf",
        "country": "Maldives"
    },
    {
        "code": "FJD",
        "name": "Fijian Dollar",
        "symbol": "FJ$",
        "country": "Fiji"
    },
    {
        "code": "PGK",
        "name": "Papua New Guinean Kina",
        "symbol": "K",
        "country": "Papua New Guinea"
    },
    {
        "code": "SBD",
        "name": "Solomon Islands Dollar",
        "symbol": "SI$",
        "country": "Solomon Islands"
    },
    {
        "code": "VUV",
        "name": "Vanuatu Vatu",
        "symbol": "Vt",
        "country": "Vanuatu"
    },
    {
        "code": "WST",
        "name": "Samoan Tala",
        "symbol": "T",
        "country": "Samoa"
    },
    {
        "code": "TOP",
        "name": "Tongan Paanga",
        "symbol": "T$",
        "country": "Tonga"
    },
    {
        "code": "XPF",
        "name": "CFP Franc",
        "symbol": "Fr",
        "country": "French Pacific"
    },
    {
        "code": "CRC",
        "name": "Costa Rican Colon",
        "symbol": "₡",
        "country": "Costa Rica"
    },
    {
        "code": "GTQ",
        "name": "Guatemalan Quetzal",
        "symbol": "Q",
        "country": "Guatemala"
    },
    {
        "code": "HNL",
        "name": "Honduran Lempira",
        "symbol": "L",
        "country": "Honduras"
    },
    {
        "code": "NIO",
        "name": "Nicaraguan Cordoba",
        "symbol": "C$",
        "country": "Nicaragua"
    },
    {
        "code": "PAB",
        "name": "Panamanian Balboa",
        "symbol": "B/.",
        "country": "Panama"
    },
    {
        "code": "DOP",
        "name": "Dominican Peso",
        "symbol": "RD$",
        "country": "Dominican Republic"
    },
    {
        "code": "HTG",
        "name": "Haitian Gourde",
        "symbol": "G",
        "country": "Haiti"
    },
    {
        "code": "JMD",
        "name": "Jamaican Dollar",
        "symbol": "J$",
        "country": "Jamaica"
    },
    {
        "code": "TTD",
        "name": "Trinidad Dollar",
        "symbol": "TT$",
        "country": "Trinidad and Tobago"
    },
    {
        "code": "BBD",
        "name": "Barbadian Dollar",
        "symbol": "Bds$",
        "country": "Barbados"
    },
    {
        "code": "BSD",
        "name": "Bahamian Dollar",
        "symbol": "B$",
        "country": "Bahamas"
    },
    {
        "code": "BZD",
        "name": "Belize Dollar",
        "symbol": "BZ$",
        "country": "Belize"
    },
    {
        "code": "XCD",
        "name": "East Caribbean Dollar",
        "symbol": "EC$",
        "country": "East Caribbean"
    },
    {
        "code": "AWG",
        "name": "Aruban Florin",
        "symbol": "ƒ",
        "country": "Aruba"
    },
    {
        "code": "ANG",
        "name": "Netherlands Antillean Guilder",
        "symbol": "ƒ",
        "country": "Curacao"
    },
    {
        "code": "SRD",
        "name": "Surinamese Dollar",
        "symbol": "$",
        "country": "Suriname"
    },
    {
        "code": "GYD",
        "name": "Guyanese Dollar",
        "symbol": "G$",
        "country": "Guyana"
    },
    {
        "code": "UYU",
        "name": "Uruguayan Peso",
        "symbol": "$U",
        "country": "Uruguay"
    },
    {
        "code": "PYG",
        "name": "Paraguayan Guarani",
        "symbol": "₲",
        "country": "Paraguay"
    },
    {
        "code": "BOB",
        "name": "Bolivian Boliviano",
        "symbol": "Bs.",
        "country": "Bolivia"
    },
    {
        "code": "VES",
        "name": "Venezuelan Bolivar",
        "symbol": "Bs.S",
        "country": "Venezuela"
    }
]